Sequence,Volt,Volt2
0,4.86e-01,5.27e-01
1,4.90e-01,5.32e-01
2,4.90e-01,5.28e-01
3,4.86e-01,5.32e-01
4,4.89e-01,5.32e-01
5,4.86e-01,5.27e-01
6,4.86e-01,5.32e-01
7,4.89e-01,5.28e-01
8,4.86e-01,5.32e-01
9,4.89e-01,5.27e-01
10,4.86e-01,5.28e-01
11,4.89e-01,5.32e-01
12,4.86e-01,5.28e-01
13,4.89e-01,5.32e-01
14,4.90e-01,5.32e-01
15,4.86e-01,5.28e-01
16,4.89e-01,5.32e-01
17,4.86e-01,5.27e-01
18,4.89e-01,5.28e-01
19,4.86e-01,5.32e-01
20,4.86e-01,5.27e-01
21,4.89e-01,5.32e-01
22,4.86e-01,5.28e-01
23,4.90e-01,5.33e-01
24,4.86e-01,5.33e-01
25,4.90e-01,5.27e-01
26,4.90e-01,5.32e-01
27,4.86e-01,5.27e-01
28,4.89e-01,5.28e-01
29,4.86e-01,5.32e-01
30,4.90e-01,5.28e-01
31,4.86e-01,5.32e-01
32,4.90e-01,5.32e-01
33,4.86e-01,5.28e-01
34,4.89e-01,5.27e-01
35,4.86e-01,5.32e-01
36,4.90e-01,5.28e-01
37,4.86e-01,5.32e-01
38,4.86e-01,5.28e-01
39,4.89e-01,5.32e-01
40,4.90e-01,5.32e-01
41,4.86e-01,5.27e-01
42,4.86e-01,5.27e-01
43,4.90e-01,5.33e-01
44,4.89e-01,5.28e-01
45,4.86e-01,5.32e-01
46,4.89e-01,5.32e-01
47,4.86e-01,5.27e-01
48,4.90e-01,5.28e-01
49,4.86e-01,5.32e-01
50,4.86e-01,5.32e-01
51,4.90e-01,5.27e-01
52,4.86e-01,5.28e-01
53,4.90e-01,5.32e-01
54,4.86e-01,5.32e-01
55,4.90e-01,5.27e-01
56,4.89e-01,5.28e-01
57,4.86e-01,5.32e-01
58,4.89e-01,5.32e-01
59,4.86e-01,5.28e-01
60,4.89e-01,5.32e-01
61,4.86e-01,5.28e-01
62,4.86e-01,5.27e-01
63,4.90e-01,5.32e-01
64,4.86e-01,5.32e-01
65,4.90e-01,5.27e-01
66,4.86e-01,5.32e-01
67,4.90e-01,5.27e-01
68,4.86e-01,5.32e-01
69,4.90e-01,5.28e-01
70,4.86e-01,5.32e-01
71,4.90e-01,5.28e-01
72,4.86e-01,5.32e-01
73,4.90e-01,5.27e-01
74,4.89e-01,5.27e-01
75,4.86e-01,5.32e-01
76,4.90e-01,5.27e-01
77,4.86e-01,5.33e-01
78,4.86e-01,5.32e-01
79,4.90e-01,5.28e-01
80,4.86e-01,5.27e-01
81,4.90e-01,5.32e-01
82,4.91e-01,5.32e-01
83,4.86e-01,5.27e-01
84,4.86e-01,5.28e-01
85,4.90e-01,5.32e-01
86,4.86e-01,5.32e-01
87,4.90e-01,5.27e-01
88,4.86e-01,5.32e-01
89,4.90e-01,5.27e-01
90,4.86e-01,5.28e-01
91,4.89e-01,5.32e-01
92,4.86e-01,5.32e-01
93,4.90e-01,5.28e-01
94,4.89e-01,5.32e-01
95,4.86e-01,5.28e-01
96,4.86e-01,5.32e-01
97,4.90e-01,5.27e-01
98,4.90e-01,5.27e-01
99,4.86e-01,5.32e-01
100,4.87e-01,5.28e-01
101,4.92e-01,5.32e-01
102,4.91e-01,5.33e-01
103,4.86e-01,5.27e-01
104,4.89e-01,5.32e-01
105,4.84e-01,5.27e-01
106,4.84e-01,5.32e-01
107,4.88e-01,5.27e-01
108,4.89e-01,5.28e-01
109,4.85e-01,5.32e-01
110,4.88e-01,5.32e-01
111,4.84e-01,5.27e-01
112,4.82e-01,5.24e-01
113,4.91e-01,5.35e-01
114,4.90e-01,5.35e-01
115,4.81e-01,5.24e-01
116,4.82e-01,5.26e-01
117,4.91e-01,5.34e-01
118,4.89e-01,5.32e-01
119,4.84e-01,5.27e-01
120,4.88e-01,5.28e-01
121,4.83e-01,5.33e-01
122,4.84e-01,5.26e-01
123,4.89e-01,5.33e-01
124,4.86e-01,5.32e-01
125,4.89e-01,5.28e-01
126,4.86e-01,5.27e-01
127,4.90e-01,5.32e-01
128,4.91e-01,5.27e-01
129,4.86e-01,5.33e-01
130,4.86e-01,5.28e-01
131,4.91e-01,5.33e-01
132,4.88e-01,5.28e-01
133,4.92e-01,5.32e-01
134,4.91e-01,5.28e-01
135,4.87e-01,5.32e-01
136,4.88e-01,5.27e-01
137,4.92e-01,5.32e-01
138,4.92e-01,5.28e-01
139,4.87e-01,5.32e-01
140,4.87e-01,5.32e-01
141,4.91e-01,5.27e-01
142,4.92e-01,5.32e-01
143,4.88e-01,5.27e-01
144,4.91e-01,5.28e-01
145,4.87e-01,5.32e-01
146,4.87e-01,5.32e-01
147,4.92e-01,5.28e-01
148,4.91e-01,5.27e-01
149,4.87e-01,5.32e-01
150,4.86e-01,5.27e-01
151,4.91e-01,5.32e-01
152,4.88e-01,5.32e-01
153,4.92e-01,5.28e-01
154,4.87e-01,5.28e-01
155,4.91e-01,5.32e-01
156,4.87e-01,5.28e-01
157,4.92e-01,5.32e-01
158,4.91e-01,5.32e-01
159,4.86e-01,5.28e-01
160,4.86e-01,5.28e-01
161,4.92e-01,5.33e-01
162,4.92e-01,5.32e-01
163,4.87e-01,5.28e-01
164,4.86e-01,5.28e-01
165,4.91e-01,5.32e-01
166,4.92e-01,5.32e-01
167,4.87e-01,5.28e-01
168,4.91e-01,5.32e-01
169,4.86e-01,5.28e-01
170,4.88e-01,5.28e-01
171,4.91e-01,5.32e-01
172,4.91e-01,5.32e-01
173,4.87e-01,5.28e-01
174,4.87e-01,5.28e-01
175,4.92e-01,5.32e-01
176,4.92e-01,5.32e-01
177,4.87e-01,5.28e-01
178,4.87e-01,5.28e-01
179,4.90e-01,5.32e-01
180,4.88e-01,5.32e-01
181,4.92e-01,5.28e-01
182,4.92e-01,5.32e-01
183,4.87e-01,5.27e-01
184,4.86e-01,5.32e-01
185,4.91e-01,5.28e-01
186,4.92e-01,5.28e-01
187,4.87e-01,5.32e-01
188,4.87e-01,5.28e-01
189,4.91e-01,5.32e-01
190,4.88e-01,5.32e-01
191,4.92e-01,5.27e-01
192,4.91e-01,5.27e-01
193,4.86e-01,5.32e-01
194,4.86e-01,5.32e-01
195,4.90e-01,5.27e-01
196,4.87e-01,5.32e-01
197,4.91e-01,5.28e-01
198,4.88e-01,5.27e-01
199,4.92e-01,5.32e-01
200,4.92e-01,5.28e-01
201,4.88e-01,5.32e-01
202,4.92e-01,5.32e-01
203,4.87e-01,5.28e-01
204,4.90e-01,5.32e-01
205,4.84e-01,5.28e-01
206,4.86e-01,5.32e-01
207,4.80e-01,5.27e-01
208,4.83e-01,5.31e-01
209,4.74e-01,5.26e-01
210,4.76e-01,5.30e-01
211,4.65e-01,5.25e-01
212,4.68e-01,5.30e-01
213,4.55e-01,5.24e-01
214,4.58e-01,5.28e-01
215,4.50e-01,5.23e-01
216,4.52e-01,5.28e-01
217,4.47e-01,5.23e-01
218,4.50e-01,5.28e-01
219,4.44e-01,5.22e-01
220,4.44e-01,5.28e-01
221,4.47e-01,5.23e-01
222,4.47e-01,5.23e-01
223,4.44e-01,5.28e-01
224,4.42e-01,5.27e-01
225,4.46e-01,5.22e-01
226,4.43e-01,5.28e-01
227,4.46e-01,5.22e-01
228,4.46e-01,5.23e-01
229,4.42e-01,5.28e-01
230,4.46e-01,5.22e-01
231,4.42e-01,5.28e-01
232,4.46e-01,5.28e-01
233,4.42e-01,5.22e-01
234,4.46e-01,5.22e-01
235,4.42e-01,5.28e-01
236,4.43e-01,5.23e-01
237,4.50e-01,5.28e-01
238,4.45e-01,5.28e-01
239,4.48e-01,5.23e-01
240,4.48e-01,5.23e-01
241,4.44e-01,5.28e-01
242,4.48e-01,5.28e-01
243,4.44e-01,5.23e-01
244,4.44e-01,5.23e-01
245,4.50e-01,5.28e-01
246,4.46e-01,5.24e-01
247,4.50e-01,5.28e-01
248,4.47e-01,5.28e-01
249,4.51e-01,5.23e-01
250,4.48e-01,5.28e-01
251,4.51e-01,5.23e-01
252,4.48e-01,5.28e-01
253,4.52e-01,5.23e-01
254,4.52e-01,5.28e-01
255,4.48e-01,5.23e-01
256,4.52e-01,5.28e-01
257,4.48e-01,5.24e-01
258,4.52e-01,5.24e-01
259,4.48e-01,5.28e-01
260,4.49e-01,5.28e-01
261,4.55e-01,5.24e-01
262,4.54e-01,5.24e-01
263,4.50e-01,5.29e-01
264,4.53e-01,5.24e-01
265,4.49e-01,5.28e-01
266,4.49e-01,5.24e-01
267,4.58e-01,5.28e-01
268,4.56e-01,5.24e-01
269,4.70e-01,5.30e-01
270,4.68e-01,5.26e-01
271,4.75e-01,5.30e-01
272,4.78e-01,5.31e-01
273,4.71e-01,5.26e-01
274,4.73e-01,5.30e-01
275,4.64e-01,5.25e-01
276,4.63e-01,5.25e-01
277,4.67e-01,5.30e-01
278,4.67e-01,5.30e-01
279,4.62e-01,5.24e-01
280,4.62e-01,5.25e-01
281,4.73e-01,5.30e-01
282,4.72e-01,5.26e-01
283,4.81e-01,5.31e-01
284,4.79e-01,5.27e-01
285,4.84e-01,5.32e-01
286,4.81e-01,5.27e-01
287,4.85e-01,5.32e-01
288,4.81e-01,5.32e-01
289,4.86e-01,5.27e-01
290,4.82e-01,5.27e-01
291,4.86e-01,5.32e-01
292,4.86e-01,5.32e-01
293,4.76e-01,5.27e-01
294,4.78e-01,5.30e-01
295,4.56e-01,5.24e-01
296,4.58e-01,5.28e-01
297,4.44e-01,5.23e-01
298,4.43e-01,5.23e-01
299,4.55e-01,5.28e-01
300,4.53e-01,5.24e-01
301,4.66e-01,5.30e-01
302,4.63e-01,5.25e-01
303,4.69e-01,5.30e-01
304,4.65e-01,5.25e-01
305,4.69e-01,5.30e-01
306,4.66e-01,5.26e-01
307,4.71e-01,5.30e-01
308,4.67e-01,5.30e-01
309,4.71e-01,5.26e-01
310,4.68e-01,5.26e-01
311,4.72e-01,5.30e-01
312,4.69e-01,5.26e-01
313,4.75e-01,5.30e-01
314,4.73e-01,5.30e-01
315,4.48e-01,5.24e-01
316,4.50e-01,5.28e-01
317,4.38e-01,5.23e-01
318,4.40e-01,5.22e-01
319,4.31e-01,5.26e-01
320,4.41e-01,5.26e-01
321,4.30e-01,5.22e-01
322,4.33e-01,5.26e-01
323,4.26e-01,5.21e-01
324,4.30e-01,5.26e-01
325,4.22e-01,5.20e-01
326,4.24e-01,5.20e-01
327,4.31e-01,5.26e-01
328,4.24e-01,5.25e-01
329,4.29e-01,5.20e-01
330,4.24e-01,5.26e-01
331,4.30e-01,5.21e-01
332,4.28e-01,5.22e-01
333,4.34e-01,5.26e-01
334,4.32e-01,5.21e-01
335,4.28e-01,5.26e-01
336,4.25e-01,5.21e-01
337,4.33e-01,5.26e-01
338,4.35e-01,5.21e-01
339,4.29e-01,5.26e-01
340,4.28e-01,5.26e-01
341,4.33e-01,5.22e-01
342,4.26e-01,5.26e-01
343,4.35e-01,5.21e-01
344,4.36e-01,5.22e-01
345,4.30e-01,5.26e-01
346,4.33e-01,5.26e-01
347,4.29e-01,5.21e-01
348,4.26e-01,5.26e-01
349,4.36e-01,5.21e-01
350,4.35e-01,5.21e-01
351,4.29e-01,5.26e-01
352,4.29e-01,5.21e-01
353,4.33e-01,5.26e-01
354,4.26e-01,5.22e-01
355,4.35e-01,5.26e-01
356,4.34e-01,5.26e-01
357,4.28e-01,5.21e-01
358,4.32e-01,5.20e-01
359,4.27e-01,5.26e-01
360,4.26e-01,5.21e-01
361,4.38e-01,5.27e-01
362,4.36e-01,5.23e-01
363,4.53e-01,5.29e-01
364,4.52e-01,5.28e-01
365,4.37e-01,5.22e-01
366,4.40e-01,5.27e-01
367,4.31e-01,5.21e-01
368,4.28e-01,5.26e-01
369,4.35e-01,5.22e-01
370,4.40e-01,5.22e-01
371,4.32e-01,5.27e-01
372,4.36e-01,5.26e-01
373,4.31e-01,5.22e-01
374,4.35e-01,5.22e-01
375,4.30e-01,5.26e-01
376,4.31e-01,5.27e-01
377,4.39e-01,5.22e-01
378,4.36e-01,5.22e-01
379,4.30e-01,5.26e-01
380,4.36e-01,5.26e-01
381,4.30e-01,5.21e-01
382,4.30e-01,5.27e-01
383,4.39e-01,5.21e-01
384,4.34e-01,5.22e-01
385,4.29e-01,5.26e-01
386,4.30e-01,5.22e-01
387,4.35e-01,5.27e-01
388,4.29e-01,5.20e-01
389,4.39e-01,5.26e-01
390,4.35e-01,5.28e-01
391,4.30e-01,5.22e-01
392,4.30e-01,5.22e-01
393,4.35e-01,5.26e-01
394,4.29e-01,5.22e-01
395,4.39e-01,5.27e-01
396,4.31e-01,5.26e-01
397,4.35e-01,5.22e-01
398,4.31e-01,5.22e-01
399,4.36e-01,5.27e-01
400,4.30e-01,5.22e-01
401,4.39e-01,5.27e-01
402,4.36e-01,5.27e-01
403,4.29e-01,5.21e-01
404,4.33e-01,5.26e-01
405,4.28e-01,5.21e-01
406,4.24e-01,5.21e-01
407,4.34e-01,5.26e-01
408,4.30e-01,5.26e-01
409,4.23e-01,5.20e-01
410,4.27e-01,5.21e-01
411,4.22e-01,5.26e-01
412,4.22e-01,5.21e-01
413,4.38e-01,5.27e-01
414,4.36e-01,5.23e-01
415,4.53e-01,5.28e-01
416,4.51e-01,5.24e-01
417,4.58e-01,5.29e-01
418,4.55e-01,5.25e-01
419,4.63e-01,5.30e-01
420,4.60e-01,5.25e-01
421,4.74e-01,5.30e-01
422,4.71e-01,5.26e-01
423,4.80e-01,5.31e-01
424,4.78e-01,5.27e-01
425,4.83e-01,5.32e-01
426,4.80e-01,5.27e-01
427,4.84e-01,5.32e-01
428,4.86e-01,5.32e-01
429,4.79e-01,5.27e-01
430,4.81e-01,5.30e-01
431,4.48e-01,5.24e-01
432,4.46e-01,5.23e-01
433,4.60e-01,5.29e-01
434,4.57e-01,5.30e-01
435,4.68e-01,5.24e-01
436,4.64e-01,5.29e-01
437,4.38e-01,5.23e-01
438,4.48e-01,5.28e-01
439,4.36e-01,5.23e-01
440,4.37e-01,5.22e-01
441,4.57e-01,5.28e-01
442,4.55e-01,5.25e-01
443,4.66e-01,5.30e-01
444,4.64e-01,5.25e-01
445,4.70e-01,5.30e-01
446,4.66e-01,5.26e-01
447,4.74e-01,5.30e-01
448,4.69e-01,5.29e-01
449,4.57e-01,5.24e-01
450,4.60e-01,5.29e-01
451,4.52e-01,5.24e-01
452,4.56e-01,5.29e-01
453,4.48e-01,5.23e-01
454,4.50e-01,5.24e-01
455,4.58e-01,5.28e-01
456,4.52e-01,5.28e-01
457,4.45e-01,5.23e-01
458,4.49e-01,5.23e-01
459,4.44e-01,5.28e-01
460,4.46e-01,5.24e-01
461,4.60e-01,5.29e-01
462,4.61e-01,5.29e-01
463,4.48e-01,5.24e-01
464,4.46e-01,5.24e-01
465,4.55e-01,5.28e-01
466,4.53e-01,5.24e-01
467,4.69e-01,5.30e-01
468,4.68e-01,5.30e-01
469,4.55e-01,5.24e-01
470,4.57e-01,5.29e-01
471,4.50e-01,5.24e-01
472,4.53e-01,5.28e-01
473,4.45e-01,5.23e-01
474,4.46e-01,5.24e-01
475,4.58e-01,5.29e-01
476,4.57e-01,5.28e-01
477,4.45e-01,5.23e-01
478,4.44e-01,5.23e-01
479,4.48e-01,5.27e-01
480,4.44e-01,5.23e-01
481,4.53e-01,5.28e-01
482,4.51e-01,5.28e-01
483,4.60e-01,5.24e-01
484,4.54e-01,5.28e-01
485,4.49e-01,5.23e-01
486,4.48e-01,5.24e-01
487,4.62e-01,5.29e-01
488,4.60e-01,5.25e-01
489,4.70e-01,5.30e-01
490,4.70e-01,5.30e-01
491,4.56e-01,5.24e-01
492,4.60e-01,5.25e-01
493,4.70e-01,5.30e-01
494,4.72e-01,5.30e-01
495,4.56e-01,5.24e-01
496,4.56e-01,5.25e-01
497,4.73e-01,5.30e-01
498,4.72e-01,5.26e-01
499,4.82e-01,5.31e-01
500,4.80e-01,5.27e-01
501,4.84e-01,5.32e-01
502,4.84e-01,5.32e-01
503,4.58e-01,5.25e-01
504,4.59e-01,5.24e-01
505,4.71e-01,5.30e-01
506,4.74e-01,5.30e-01
507,4.57e-01,5.25e-01
508,4.58e-01,5.29e-01
509,4.40e-01,5.22e-01
510,4.34e-01,5.22e-01
511,4.46e-01,5.27e-01
512,4.46e-01,5.30e-01
513,4.31e-01,5.20e-01
514,4.32e-01,5.19e-01
515,4.51e-01,5.31e-01
516,4.46e-01,5.21e-01
517,4.60e-01,5.31e-01
518,4.50e-01,5.27e-01
519,4.35e-01,5.22e-01
520,4.31e-01,5.22e-01
521,4.42e-01,5.26e-01
522,4.44e-01,5.27e-01
523,4.32e-01,5.22e-01
524,4.32e-01,5.22e-01
525,4.50e-01,5.28e-01
526,4.47e-01,5.24e-01
527,4.64e-01,5.29e-01
528,4.62e-01,5.25e-01
529,4.68e-01,5.30e-01
530,4.66e-01,5.26e-01
531,4.71e-01,5.31e-01
532,4.74e-01,5.31e-01
533,4.64e-01,5.25e-01
534,4.66e-01,5.29e-01
535,4.52e-01,5.24e-01
536,4.54e-01,5.28e-01
537,4.40e-01,5.23e-01
538,4.36e-01,5.22e-01
539,4.45e-01,5.27e-01
540,4.42e-01,5.23e-01
541,4.60e-01,5.29e-01
542,4.63e-01,5.30e-01
543,4.49e-01,5.24e-01
544,4.51e-01,5.28e-01
545,4.39e-01,5.23e-01
546,4.44e-01,5.23e-01
547,4.38e-01,5.28e-01
548,4.39e-01,5.23e-01
549,4.53e-01,5.28e-01
550,4.57e-01,5.29e-01
551,4.46e-01,5.23e-01
552,4.50e-01,5.28e-01
553,4.42e-01,5.23e-01
554,4.42e-01,5.23e-01
555,4.56e-01,5.28e-01
556,4.54e-01,5.24e-01
557,4.72e-01,5.30e-01
558,4.72e-01,5.30e-01
559,4.54e-01,5.24e-01
560,4.57e-01,5.29e-01
561,4.46e-01,5.23e-01
562,4.48e-01,5.28e-01
563,4.38e-01,5.22e-01
564,4.39e-01,5.23e-01
565,4.52e-01,5.28e-01
566,4.59e-01,5.29e-01
567,4.49e-01,5.24e-01
568,4.52e-01,5.28e-01
569,4.42e-01,5.23e-01
570,4.45e-01,5.27e-01
571,4.36e-01,5.22e-01
572,4.36e-01,5.22e-01
573,4.48e-01,5.28e-01
574,4.46e-01,5.24e-01
575,4.60e-01,5.29e-01
576,4.56e-01,5.28e-01
577,4.44e-01,5.24e-01
578,4.49e-01,5.28e-01
579,4.41e-01,5.23e-01
580,4.44e-01,5.24e-01
581,4.62e-01,5.28e-01
582,4.68e-01,5.25e-01
583,4.58e-01,5.30e-01
584,4.60e-01,5.28e-01
585,4.48e-01,5.23e-01
586,4.49e-01,5.24e-01
587,4.55e-01,5.28e-01
588,4.52e-01,5.28e-01
589,4.43e-01,5.23e-01
590,4.42e-01,5.23e-01
591,4.51e-01,5.28e-01
592,4.56e-01,5.28e-01
593,4.43e-01,5.23e-01
594,4.45e-01,5.27e-01
595,4.38e-01,5.22e-01
596,4.41e-01,5.27e-01
597,4.35e-01,5.22e-01
598,4.37e-01,5.23e-01
599,4.53e-01,5.28e-01
600,4.58e-01,5.28e-01
601,4.48e-01,5.24e-01
602,4.50e-01,5.28e-01
603,4.40e-01,5.23e-01
604,4.39e-01,5.23e-01
605,4.56e-01,5.28e-01
606,4.53e-01,5.24e-01
607,4.64e-01,5.29e-01
608,4.69e-01,5.29e-01
609,4.57e-01,5.24e-01
610,4.58e-01,5.29e-01
611,4.51e-01,5.24e-01
612,4.52e-01,5.24e-01
613,4.65e-01,5.29e-01
614,4.69e-01,5.25e-01
615,4.61e-01,5.30e-01
616,4.63e-01,5.29e-01
617,4.38e-01,5.23e-01
618,4.37e-01,5.27e-01
619,4.46e-01,5.22e-01
620,4.41e-01,5.26e-01
621,4.31e-01,5.22e-01
622,4.34e-01,5.22e-01
623,4.57e-01,5.28e-01
624,4.55e-01,5.25e-01
625,4.74e-01,5.31e-01
626,4.72e-01,5.25e-01
627,4.82e-01,5.31e-01
628,4.80e-01,5.31e-01
629,4.85e-01,5.27e-01
630,4.85e-01,5.32e-01
631,4.61e-01,5.25e-01
632,4.61e-01,5.28e-01
633,4.46e-01,5.23e-01
634,4.42e-01,5.23e-01
635,4.56e-01,5.28e-01
636,4.54e-01,5.24e-01
637,4.71e-01,5.30e-01
638,4.69e-01,5.26e-01
639,4.79e-01,5.31e-01
640,4.76e-01,5.27e-01
641,4.83e-01,5.32e-01
642,4.85e-01,5.26e-01
643,4.74e-01,5.32e-01
644,4.75e-01,5.30e-01
645,4.53e-01,5.24e-01
646,4.55e-01,5.28e-01
647,4.37e-01,5.22e-01
648,4.36e-01,5.23e-01
649,4.50e-01,5.28e-01
650,4.48e-01,5.24e-01
651,4.62e-01,5.29e-01
652,4.68e-01,5.29e-01
653,4.58e-01,5.25e-01
654,4.60e-01,5.29e-01
655,4.39e-01,5.23e-01
656,4.41e-01,5.22e-01
657,4.60e-01,5.28e-01
658,4.58e-01,5.24e-01
659,4.70e-01,5.30e-01
660,4.70e-01,5.30e-01
661,4.53e-01,5.24e-01
662,4.56e-01,5.24e-01
663,4.51e-01,5.28e-01
664,4.52e-01,5.23e-01
665,4.45e-01,5.29e-01
666,4.46e-01,5.23e-01
667,4.58e-01,5.28e-01
668,4.56e-01,5.24e-01
669,4.66e-01,5.30e-01
670,4.65e-01,5.29e-01
671,4.51e-01,5.24e-01
672,4.55e-01,5.24e-01
673,4.49e-01,5.28e-01
674,4.54e-01,5.28e-01
675,4.45e-01,5.24e-01
676,4.46e-01,5.24e-01
677,4.58e-01,5.29e-01
678,4.56e-01,5.25e-01
679,4.65e-01,5.29e-01
680,4.69e-01,5.30e-01
681,4.58e-01,5.25e-01
682,4.59e-01,5.25e-01
683,4.72e-01,5.30e-01
684,4.63e-01,5.25e-01
685,4.72e-01,5.30e-01
686,4.71e-01,5.26e-01
687,4.80e-01,5.31e-01
688,4.83e-01,5.32e-01
689,4.74e-01,5.27e-01
690,4.76e-01,5.31e-01
691,4.51e-01,5.24e-01
692,4.51e-01,5.24e-01
693,4.67e-01,5.29e-01
694,4.65e-01,5.29e-01
695,4.54e-01,5.24e-01
696,4.59e-01,5.24e-01
697,4.53e-01,5.29e-01
698,4.56e-01,5.24e-01
699,4.52e-01,5.28e-01
700,4.53e-01,5.28e-01
701,4.60e-01,5.24e-01
702,4.56e-01,5.25e-01
703,4.68e-01,5.30e-01
704,4.68e-01,5.29e-01
705,4.55e-01,5.24e-01
706,4.57e-01,5.28e-01
707,4.53e-01,5.24e-01
708,4.53e-01,5.24e-01
709,4.62e-01,5.29e-01
710,4.60e-01,5.26e-01
711,4.70e-01,5.30e-01
712,4.74e-01,5.31e-01
713,4.63e-01,5.26e-01
714,4.65e-01,5.29e-01
715,4.50e-01,5.24e-01
716,4.54e-01,5.23e-01
717,4.46e-01,5.28e-01
718,4.44e-01,5.28e-01
719,4.50e-01,5.22e-01
720,4.46e-01,5.24e-01
721,4.56e-01,5.29e-01
722,4.54e-01,5.24e-01
723,4.65e-01,5.29e-01
724,4.60e-01,5.25e-01
725,4.69e-01,5.30e-01
726,4.68e-01,5.30e-01
727,4.50e-01,5.24e-01
728,4.53e-01,5.28e-01
729,4.48e-01,5.23e-01
730,4.44e-01,5.22e-01
731,4.51e-01,5.28e-01
732,4.48e-01,5.28e-01
733,4.52e-01,5.24e-01
734,4.49e-01,5.24e-01
735,4.58e-01,5.29e-01
736,4.55e-01,5.25e-01
737,4.66e-01,5.29e-01
738,4.60e-01,5.25e-01
739,4.70e-01,5.30e-01
740,4.70e-01,5.30e-01
741,4.57e-01,5.25e-01
742,4.63e-01,5.25e-01
743,4.74e-01,5.30e-01
744,4.75e-01,5.30e-01
745,4.56e-01,5.24e-01
746,4.59e-01,5.25e-01
747,4.76e-01,5.31e-01
748,4.74e-01,5.26e-01
749,4.84e-01,5.32e-01
750,4.83e-01,5.32e-01
751,4.62e-01,5.25e-01
752,4.62e-01,5.28e-01
753,4.50e-01,5.24e-01
754,4.57e-01,5.30e-01
755,4.67e-01,5.24e-01
756,4.60e-01,5.29e-01
757,4.52e-01,5.24e-01
758,4.55e-01,5.28e-01
759,4.51e-01,5.24e-01
760,4.51e-01,5.24e-01
761,4.66e-01,5.29e-01
762,4.70e-01,5.30e-01
763,4.58e-01,5.25e-01
764,4.60e-01,5.24e-01
765,4.52e-01,5.29e-01
766,4.50e-01,5.24e-01
767,4.56e-01,5.28e-01
768,4.53e-01,5.24e-01
769,4.68e-01,5.30e-01
770,4.65e-01,5.26e-01
771,4.72e-01,5.30e-01
772,4.74e-01,5.30e-01
773,4.58e-01,5.25e-01
774,4.60e-01,5.28e-01
775,4.50e-01,5.24e-01
776,4.54e-01,5.28e-01
777,4.46e-01,5.23e-01
778,4.46e-01,5.24e-01
779,4.54e-01,5.28e-01
780,4.51e-01,5.24e-01
781,4.66e-01,5.29e-01
782,4.65e-01,5.26e-01
783,4.77e-01,5.30e-01
784,4.78e-01,5.30e-01
785,4.56e-01,5.25e-01
786,4.58e-01,5.28e-01
787,4.46e-01,5.24e-01
788,4.47e-01,5.23e-01
789,4.54e-01,5.28e-01
790,4.46e-01,5.23e-01
791,4.54e-01,5.28e-01
792,4.51e-01,5.24e-01
793,4.65e-01,5.29e-01
794,4.64e-01,5.26e-01
795,4.75e-01,5.30e-01
796,4.71e-01,5.29e-01
797,4.49e-01,5.24e-01
798,4.46e-01,5.24e-01
799,4.52e-01,5.28e-01
800,4.54e-01,5.23e-01
801,4.46e-01,5.29e-01
802,4.46e-01,5.23e-01
803,4.57e-01,5.28e-01
804,4.55e-01,5.24e-01
805,4.72e-01,5.30e-01
806,4.74e-01,5.30e-01
807,4.67e-01,5.26e-01
808,4.69e-01,5.30e-01
809,4.59e-01,5.25e-01
810,4.66e-01,5.26e-01
811,4.75e-01,5.30e-01
812,4.74e-01,5.30e-01
813,4.58e-01,5.25e-01
814,4.63e-01,5.26e-01
815,4.78e-01,5.31e-01
816,4.76e-01,5.31e-01
817,4.83e-01,5.26e-01
818,4.82e-01,5.31e-01
819,4.55e-01,5.24e-01
820,4.50e-01,5.24e-01
821,4.62e-01,5.29e-01
822,4.68e-01,5.30e-01
823,4.55e-01,5.24e-01
824,4.58e-01,5.24e-01
825,4.53e-01,5.28e-01
826,4.53e-01,5.23e-01
827,4.59e-01,5.29e-01
828,4.57e-01,5.25e-01
829,4.70e-01,5.30e-01
830,4.68e-01,5.30e-01
831,4.46e-01,5.23e-01
832,4.48e-01,5.27e-01
833,4.37e-01,5.22e-01
834,4.39e-01,5.23e-01
835,4.58e-01,5.29e-01
836,4.56e-01,5.25e-01
837,4.67e-01,5.30e-01
838,4.71e-01,5.30e-01
839,4.56e-01,5.25e-01
840,4.58e-01,5.28e-01
841,4.41e-01,5.23e-01
842,4.43e-01,5.27e-01
843,4.34e-01,5.22e-01
844,4.31e-01,5.21e-01
845,4.42e-01,5.27e-01
846,4.41e-01,5.23e-01
847,4.55e-01,5.28e-01
848,4.55e-01,5.28e-01
849,4.42e-01,5.23e-01
850,4.45e-01,5.27e-01
851,4.34e-01,5.22e-01
852,4.37e-01,5.22e-01
853,4.30e-01,5.26e-01
854,4.30e-01,5.22e-01
855,4.44e-01,5.27e-01
856,4.42e-01,5.24e-01
857,4.53e-01,5.28e-01
858,4.50e-01,5.27e-01
859,4.37e-01,5.22e-01
860,4.40e-01,5.21e-01
861,4.32e-01,5.26e-01
862,4.30e-01,5.22e-01
863,4.36e-01,5.26e-01
864,4.35e-01,5.22e-01
865,4.53e-01,5.28e-01
866,4.60e-01,5.28e-01
867,4.49e-01,5.24e-01
868,4.48e-01,5.24e-01
869,4.64e-01,5.30e-01
870,4.68e-01,5.30e-01
871,4.50e-01,5.24e-01
872,4.50e-01,5.24e-01
873,4.71e-01,5.31e-01
874,4.69e-01,5.26e-01
875,4.80e-01,5.31e-01
876,4.82e-01,5.31e-01
877,4.66e-01,5.25e-01
878,4.68e-01,5.29e-01
879,4.51e-01,5.24e-01
880,4.54e-01,5.30e-01
881,4.67e-01,5.24e-01
882,4.61e-01,5.28e-01
883,4.52e-01,5.24e-01
884,4.53e-01,5.28e-01
885,4.58e-01,5.24e-01
886,4.56e-01,5.25e-01
887,4.66e-01,5.30e-01
888,4.70e-01,5.30e-01
889,4.57e-01,5.25e-01
890,4.60e-01,5.28e-01
891,4.54e-01,5.24e-01
892,4.53e-01,5.29e-01
893,4.58e-01,5.24e-01
894,4.57e-01,5.25e-01
895,4.69e-01,5.30e-01
896,4.71e-01,5.30e-01
897,4.62e-01,5.26e-01
898,4.61e-01,5.24e-01
899,4.65e-01,5.30e-01
900,4.63e-01,5.30e-01
901,4.69e-01,5.25e-01
902,4.72e-01,5.30e-01
903,4.62e-01,5.25e-01
904,4.61e-01,5.29e-01
905,4.65e-01,5.25e-01
906,4.61e-01,5.30e-01
907,4.68e-01,5.25e-01
908,4.65e-01,5.26e-01
909,4.73e-01,5.31e-01
910,4.69e-01,5.26e-01
911,4.76e-01,5.30e-01
912,4.74e-01,5.32e-01
913,4.54e-01,5.21e-01
914,4.61e-01,5.33e-01
915,4.52e-01,5.20e-01
916,4.58e-01,5.30e-01
917,4.49e-01,5.22e-01
918,4.54e-01,5.30e-01
919,4.63e-01,5.24e-01
920,4.56e-01,5.28e-01
921,4.46e-01,5.24e-01
922,4.46e-01,5.23e-01
923,4.55e-01,5.28e-01
924,4.53e-01,5.24e-01
925,4.64e-01,5.29e-01
926,4.68e-01,5.30e-01
927,4.57e-01,5.25e-01
928,4.59e-01,5.29e-01
929,4.53e-01,5.24e-01
930,4.55e-01,5.28e-01
931,4.48e-01,5.23e-01
932,4.49e-01,5.24e-01
933,4.62e-01,5.29e-01
934,4.63e-01,5.29e-01
935,4.50e-01,5.24e-01
936,4.47e-01,5.23e-01
937,4.52e-01,5.28e-01
938,4.48e-01,5.24e-01
939,4.60e-01,5.29e-01
940,4.58e-01,5.24e-01
941,4.68e-01,5.30e-01
942,4.67e-01,5.29e-01
943,4.54e-01,5.24e-01
944,4.58e-01,5.28e-01
945,4.50e-01,5.24e-01
946,4.48e-01,5.28e-01
947,4.54e-01,5.24e-01
948,4.52e-01,5.24e-01
949,4.65e-01,5.29e-01
950,4.61e-01,5.28e-01
951,4.49e-01,5.24e-01
952,4.47e-01,5.24e-01
953,4.52e-01,5.28e-01
954,4.49e-01,5.24e-01
955,4.64e-01,5.30e-01
956,4.61e-01,5.25e-01
957,4.70e-01,5.31e-01
958,4.71e-01,5.25e-01
959,4.60e-01,5.30e-01
960,4.69e-01,5.30e-01
961,4.60e-01,5.25e-01
962,4.66e-01,5.26e-01
963,4.74e-01,5.30e-01
964,4.69e-01,5.29e-01
965,4.45e-01,5.23e-01
966,4.46e-01,5.24e-01
967,4.67e-01,5.29e-01
968,4.66e-01,5.26e-01
969,4.80e-01,5.31e-01
970,4.82e-01,5.31e-01
971,4.67e-01,5.26e-01
972,4.68e-01,5.29e-01
973,4.52e-01,5.24e-01
974,4.64e-01,5.29e-01
975,4.48e-01,5.23e-01
976,4.44e-01,5.23e-01
977,4.59e-01,5.28e-01
978,4.57e-01,5.26e-01
979,4.77e-01,5.31e-01
980,4.75e-01,5.27e-01
981,4.84e-01,5.32e-01
982,4.83e-01,5.31e-01
983,4.62e-01,5.25e-01
984,4.60e-01,5.24e-01
985,4.68e-01,5.29e-01
986,4.67e-01,5.30e-01
987,4.56e-01,5.24e-01
988,4.55e-01,5.24e-01
989,4.70e-01,5.30e-01
990,4.70e-01,5.30e-01
991,4.52e-01,5.24e-01
992,4.62e-01,5.30e-01
993,4.54e-01,5.24e-01
994,4.50e-01,5.23e-01
995,4.66e-01,5.29e-01
996,4.70e-01,5.30e-01
997,4.56e-01,5.24e-01
998,4.54e-01,5.28e-01
999,4.60e-01,5.24e-01
1000,4.57e-01,5.25e-01
1001,4.69e-01,5.30e-01
1002,4.70e-01,5.30e-01
1003,4.56e-01,5.25e-01
1004,4.58e-01,5.29e-01
1005,4.52e-01,5.24e-01
1006,4.56e-01,5.25e-01
1007,4.68e-01,5.30e-01
1008,4.64e-01,5.29e-01
1009,4.53e-01,5.24e-01
1010,4.51e-01,5.24e-01
1011,4.64e-01,5.29e-01
1012,4.62e-01,5.30e-01
1013,4.72e-01,5.25e-01
1014,4.69e-01,5.25e-01
1015,4.62e-01,5.30e-01
1016,4.62e-01,5.25e-01
1017,4.74e-01,5.31e-01
1018,4.69e-01,5.25e-01
1019,4.61e-01,5.30e-01
1020,4.67e-01,5.26e-01
1021,4.80e-01,5.31e-01
1022,4.80e-01,5.31e-01
1023,4.58e-01,5.25e-01
1024,4.66e-01,5.30e-01
1025,4.55e-01,5.24e-01
1026,4.52e-01,5.24e-01
1027,4.68e-01,5.30e-01
1028,4.66e-01,5.30e-01
1029,4.53e-01,5.24e-01
1030,4.54e-01,5.24e-01
1031,4.60e-01,5.29e-01
1032,4.58e-01,5.29e-01
1033,4.68e-01,5.25e-01
1034,4.63e-01,5.29e-01
1035,4.54e-01,5.24e-01
1036,4.55e-01,5.29e-01
1037,4.62e-01,5.24e-01
1038,4.60e-01,5.25e-01
1039,4.72e-01,5.30e-01
1040,4.69e-01,5.30e-01
1041,4.53e-01,5.24e-01
1042,4.63e-01,5.30e-01
1043,4.53e-01,5.24e-01
1044,4.51e-01,5.24e-01
1045,4.66e-01,5.29e-01
1046,4.71e-01,5.30e-01
1047,4.58e-01,5.24e-01
1048,4.59e-01,5.24e-01
1049,4.54e-01,5.29e-01
1050,4.54e-01,5.24e-01
1051,4.67e-01,5.30e-01
1052,4.69e-01,5.30e-01
1053,4.55e-01,5.25e-01
1054,4.58e-01,5.28e-01
1055,4.52e-01,5.24e-01
1056,4.52e-01,5.24e-01
1057,4.68e-01,5.30e-01
1058,4.67e-01,5.29e-01
1059,4.54e-01,5.24e-01
1060,4.59e-01,5.24e-01
1061,4.54e-01,5.29e-01
1062,4.55e-01,5.25e-01
1063,4.70e-01,5.30e-01
1064,4.68e-01,5.30e-01
1065,4.55e-01,5.24e-01
1066,4.60e-01,5.28e-01
1067,4.53e-01,5.24e-01
1068,4.54e-01,5.24e-01
1069,4.70e-01,5.30e-01
1070,4.71e-01,5.25e-01
1071,4.61e-01,5.30e-01
1072,4.59e-01,5.29e-01
1073,4.71e-01,5.25e-01
1074,4.73e-01,5.31e-01
1075,4.58e-01,5.25e-01
1076,4.56e-01,5.24e-01
1077,4.73e-01,5.30e-01
1078,4.71e-01,5.31e-01
1079,4.80e-01,5.26e-01
1080,4.73e-01,5.30e-01
1081,4.58e-01,5.25e-01
1082,4.66e-01,5.30e-01
1083,4.54e-01,5.24e-01
1084,4.58e-01,5.25e-01
1085,4.78e-01,5.30e-01
1086,4.76e-01,5.27e-01
1087,4.83e-01,5.31e-01
1088,4.83e-01,5.27e-01
1089,4.79e-01,5.32e-01
1090,4.83e-01,5.31e-01
1091,4.78e-01,5.26e-01
1092,4.83e-01,5.27e-01
1093,4.79e-01,5.32e-01
1094,4.82e-01,5.27e-01
1095,4.79e-01,5.32e-01
1096,4.79e-01,5.27e-01
1097,4.88e-01,5.32e-01
1098,4.86e-01,5.32e-01
1099,4.90e-01,5.28e-01
1100,4.86e-01,5.32e-01
1101,4.90e-01,5.28e-01
1102,4.87e-01,5.32e-01
1103,4.91e-01,5.28e-01
1104,4.92e-01,5.28e-01
1105,4.88e-01,5.32e-01
1106,4.91e-01,5.33e-01
1107,4.86e-01,5.28e-01
1108,4.86e-01,5.33e-01
1109,4.91e-01,5.28e-01
1110,4.91e-01,5.28e-01
1111,4.87e-01,5.32e-01
1112,4.88e-01,5.28e-01
1113,4.91e-01,5.33e-01
1114,4.92e-01,5.32e-01
1115,4.88e-01,5.27e-01
1116,4.87e-01,5.33e-01
1117,4.91e-01,5.28e-01
1118,4.91e-01,5.32e-01
1119,4.87e-01,5.28e-01
1120,4.91e-01,5.28e-01
1121,4.87e-01,5.32e-01
1122,4.87e-01,5.28e-01
1123,4.91e-01,5.33e-01
1124,4.92e-01,5.28e-01
1125,4.88e-01,5.33e-01
1126,4.88e-01,5.27e-01
1127,4.92e-01,5.32e-01
1128,4.88e-01,5.28e-01
1129,4.92e-01,5.33e-01
1130,4.92e-01,5.27e-01
1131,4.88e-01,5.32e-01
1132,4.88e-01,5.28e-01
1133,4.92e-01,5.32e-01
1134,4.89e-01,5.32e-01
1135,4.92e-01,5.28e-01
1136,4.92e-01,5.32e-01
1137,4.89e-01,5.28e-01
1138,4.89e-01,5.28e-01
1139,4.92e-01,5.32e-01
1140,4.93e-01,5.28e-01
1141,4.88e-01,5.32e-01
1142,4.92e-01,5.33e-01
1143,4.88e-01,5.28e-01
1144,4.88e-01,5.33e-01
1145,4.92e-01,5.28e-01
1146,4.88e-01,5.28e-01
1147,4.92e-01,5.32e-01
1148,4.88e-01,5.27e-01
1149,4.92e-01,5.33e-01
1150,4.88e-01,5.28e-01
1151,4.92e-01,5.32e-01
1152,4.88e-01,5.28e-01
1153,4.91e-01,5.32e-01
1154,4.92e-01,5.28e-01
1155,4.88e-01,5.32e-01
1156,4.88e-01,5.28e-01
1157,4.92e-01,5.32e-01
1158,4.91e-01,5.28e-01
1159,4.88e-01,5.32e-01
1160,4.91e-01,5.32e-01
1161,4.87e-01,5.28e-01
1162,4.86e-01,5.28e-01
1163,4.91e-01,5.32e-01
1164,4.92e-01,5.33e-01
1165,4.87e-01,5.28e-01
1166,4.92e-01,5.32e-01
1167,4.86e-01,5.28e-01
1168,4.87e-01,5.28e-01
1169,4.91e-01,5.32e-01
1170,4.88e-01,5.32e-01
1171,4.91e-01,5.28e-01
1172,4.88e-01,5.33e-01
1173,4.92e-01,5.28e-01
1174,4.88e-01,5.32e-01
1175,4.92e-01,5.28e-01
1176,4.91e-01,5.32e-01
1177,4.87e-01,5.28e-01
1178,4.88e-01,5.28e-01
1179,4.92e-01,5.32e-01
1180,4.92e-01,5.32e-01
1181,4.87e-01,5.28e-01
1182,4.86e-01,5.28e-01
1183,4.91e-01,5.32e-01
1184,4.87e-01,5.32e-01
1185,4.91e-01,5.27e-01
1186,4.88e-01,5.28e-01
1187,4.92e-01,5.32e-01
1188,4.88e-01,5.32e-01
1189,4.92e-01,5.28e-01
1190,4.91e-01,5.32e-01
1191,4.87e-01,5.28e-01
1192,4.87e-01,5.28e-01
1193,4.92e-01,5.32e-01
1194,4.92e-01,5.32e-01
1195,4.88e-01,5.28e-01
1196,4.91e-01,5.32e-01
1197,4.87e-01,5.28e-01
1198,4.88e-01,5.28e-01
1199,4.91e-01,5.33e-01
